<ImportExportXml xmlns:xsi="http://www.w3.org/2001/XMLSchema-instance" OrganizationVersion="9.2.24104.214" OrganizationSchemaType="Full" CRMServerServiceabilityVersion="9.2.24104.00214">
  <Entities></Entities>
  <Roles></Roles>
  <Workflows>
    <Workflow WorkflowId="{1d6f3e9a-e311-ee11-8f6d-00224824e879}" Name="PowerPlatformCapacityReporting">
      <JsonFileName>/Workflows/PowerPlatformCapacityReporting-1D6F3E9A-E311-EE11-8F6D-00224824E879.json</JsonFileName>
      <Type>1</Type>
      <Subprocess>0</Subprocess>
      <Category>5</Category>
      <Mode>0</Mode>
      <Scope>4</Scope>
      <OnDemand>0</OnDemand>
      <TriggerOnCreate>0</TriggerOnCreate>
      <TriggerOnDelete>0</TriggerOnDelete>
      <AsyncAutodelete>0</AsyncAutodelete>
      <SyncWorkflowLogOnFailure>0</SyncWorkflowLogOnFailure>
      <StateCode>0</StateCode>
      <StatusCode>1</StatusCode>
      <RunAs>1</RunAs>
      <IsTransacted>1</IsTransacted>
      <IntroducedVersion>1.0.0.0</IntroducedVersion>
      <IsCustomizable>1</IsCustomizable>
      <BusinessProcessType>0</BusinessProcessType>
      <IsCustomProcessingStepAllowedForOtherPublishers>1</IsCustomProcessingStepAllowedForOtherPublishers>
      <PrimaryEntity>none</PrimaryEntity>
      <LocalizedNames>
        <LocalizedName languagecode="1033" description="PowerPlatformCapacityReporting" />
      </LocalizedNames>
    </Workflow>
  </Workflows>
  <FieldSecurityProfiles></FieldSecurityProfiles>
  <Templates />
  <EntityMaps />
  <EntityRelationships />
  <OrganizationSettings />
  <optionsets />
  <CustomControls />
  <EntityDataProviders />
  <connectionreferences>
    <connectionreference connectionreferencelogicalname="ali_PowerPlatformMonitoringWUS2">
      <connectionreferencedisplayname>PowerPlatformMonitoring-WUS2</connectionreferencedisplayname>
      <connectorid>/providers/Microsoft.PowerApps/apis/shared_azureloganalyticsdatacollector</connectorid>
      <description>subscriptions/2c9d01b4-7faa-42e4-adc3-197f6c9027c5/resourceGroups/PowerPlatformMonitoring/providers/Microsoft.OperationalInsights/workspaces/PowerPlatformMonitoring</description>
      <iscustomizable>1</iscustomizable>
      <statecode>0</statecode>
      <statuscode>1</statuscode>
    </connectionreference>
    <connectionreference connectionreferencelogicalname="ali_sharedkeyvault_fa7a3">
      <connectionreferencedisplayname>Azure Key Vault VNetAndEnterprisePolicies-fa7a3</connectionreferencedisplayname>
      <connectorid>/providers/Microsoft.PowerApps/apis/shared_keyvault</connectorid>
      <iscustomizable>1</iscustomizable>
      <statecode>0</statecode>
      <statuscode>1</statuscode>
    </connectionreference>
  </connectionreferences>
  <Languages>
    <Language>1033</Language>
    <Language>1025</Language>
    <Language>1069</Language>
    <Language>1026</Language>
    <Language>1027</Language>
    <Language>3076</Language>
  </Languages>
</ImportExportXml>