<environmentvariabledefinition schemaname="ali_akvPowerPlatformCapacityReporting">
  <description default="subscriptions/2c9d01b4-7faa-42e4-adc3-197f6c9027c5/resourceGroups/PowerPlatformMonitoring/providers/Microsoft.KeyVault/vaults/alyousse-power-akv/secrets">
    <label description="subscriptions/2c9d01b4-7faa-42e4-adc3-197f6c9027c5/resourceGroups/PowerPlatformMonitoring/providers/Microsoft.KeyVault/vaults/alyousse-power-akv/secrets" languagecode="1033" />
  </description>
  <displayname default="akvPowerPlatformCapacityReporting">
    <label description="akvPowerPlatformCapacityReporting" languagecode="1033" />
  </displayname>
  <introducedversion>1.0.0.0</introducedversion>
  <iscustomizable>1</iscustomizable>
  <isrequired>0</isrequired>
  <secretstore>0</secretstore>
  <type>100000005</type>
</environmentvariabledefinition>