<ImportExportXml xmlns:xsi="http://www.w3.org/2001/XMLSchema-instance">
  <Entities></Entities>
  <Roles></Roles>
  <Workflows>
    <Workflow WorkflowId="{45190fff-370b-ec11-b6e6-0022481f162f}" Name="SaveSettingValue">
      <JsonFileName>/Workflows/SaveSettingValue-45190FFF-370B-EC11-B6E6-0022481F162F.json</JsonFileName>
      <Type>1</Type>
      <Subprocess>0</Subprocess>
      <Category>5</Category>
      <Mode>0</Mode>
      <Scope>4</Scope>
      <OnDemand>0</OnDemand>
      <TriggerOnCreate>0</TriggerOnCreate>
      <TriggerOnDelete>0</TriggerOnDelete>
      <AsyncAutodelete>0</AsyncAutodelete>
      <SyncWorkflowLogOnFailure>0</SyncWorkflowLogOnFailure>
      <StateCode>1</StateCode>
      <StatusCode>2</StatusCode>
      <RunAs>1</RunAs>
      <IsTransacted>1</IsTransacted>
      <IntroducedVersion>1.0.0.0</IntroducedVersion>
      <IsCustomizable>1</IsCustomizable>
      <BusinessProcessType>0</BusinessProcessType>
      <IsCustomProcessingStepAllowedForOtherPublishers>1</IsCustomProcessingStepAllowedForOtherPublishers>
      <PrimaryEntity>none</PrimaryEntity>
      <LocalizedNames>
        <LocalizedName languagecode="1033" description="SaveSettingValue" />
      </LocalizedNames>
    </Workflow>
    <Workflow WorkflowId="{74008b4d-390b-ec11-b6e6-0022481f162f}" Name="Broadcast In-App Notification to all Users">
      <JsonFileName>/Workflows/BroadcastIn-AppNotificationtoallUsers-74008B4D-390B-EC11-B6E6-0022481F162F.json</JsonFileName>
      <Type>1</Type>
      <Subprocess>0</Subprocess>
      <Category>5</Category>
      <Mode>0</Mode>
      <Scope>4</Scope>
      <OnDemand>0</OnDemand>
      <TriggerOnCreate>0</TriggerOnCreate>
      <TriggerOnDelete>0</TriggerOnDelete>
      <AsyncAutodelete>0</AsyncAutodelete>
      <SyncWorkflowLogOnFailure>0</SyncWorkflowLogOnFailure>
      <StateCode>1</StateCode>
      <StatusCode>2</StatusCode>
      <RunAs>1</RunAs>
      <IsTransacted>1</IsTransacted>
      <IntroducedVersion>1.0.0.0</IntroducedVersion>
      <IsCustomizable>1</IsCustomizable>
      <BusinessProcessType>0</BusinessProcessType>
      <IsCustomProcessingStepAllowedForOtherPublishers>1</IsCustomProcessingStepAllowedForOtherPublishers>
      <PrimaryEntity>none</PrimaryEntity>
      <LocalizedNames>
        <LocalizedName languagecode="1033" description="Broadcast In-App Notification to all Users" />
      </LocalizedNames>
    </Workflow>
    <Workflow WorkflowId="{dee98e4c-680b-ec11-b6e6-0022481f162f}" Name="Broadcast In-App Notification from Power App">
      <JsonFileName>/Workflows/BroadcastIn-AppNotificationfromPowerApp-DEE98E4C-680B-EC11-B6E6-0022481F162F.json</JsonFileName>
      <Type>1</Type>
      <Subprocess>0</Subprocess>
      <Category>5</Category>
      <Mode>0</Mode>
      <Scope>4</Scope>
      <OnDemand>0</OnDemand>
      <TriggerOnCreate>0</TriggerOnCreate>
      <TriggerOnDelete>0</TriggerOnDelete>
      <AsyncAutodelete>0</AsyncAutodelete>
      <SyncWorkflowLogOnFailure>0</SyncWorkflowLogOnFailure>
      <StateCode>1</StateCode>
      <StatusCode>2</StatusCode>
      <RunAs>1</RunAs>
      <IsTransacted>1</IsTransacted>
      <IntroducedVersion>1.0.0.0</IntroducedVersion>
      <IsCustomizable>1</IsCustomizable>
      <BusinessProcessType>0</BusinessProcessType>
      <IsCustomProcessingStepAllowedForOtherPublishers>1</IsCustomProcessingStepAllowedForOtherPublishers>
      <PrimaryEntity>none</PrimaryEntity>
      <LocalizedNames>
        <LocalizedName languagecode="1033" description="Broadcast In-App Notification from Power App" />
      </LocalizedNames>
    </Workflow>
  </Workflows>
  <FieldSecurityProfiles></FieldSecurityProfiles>
  <Templates />
  <EntityMaps />
  <EntityRelationships />
  <OrganizationSettings />
  <optionsets />
  <CustomControls />
  <EntityDataProviders />
  <CanvasApps>
    <CanvasApp>
      <Name>mce_notificationapp_30bd1</Name>
      <AppVersion>2021-09-02T01:52:52Z</AppVersion>
      <Status>Ready</Status>
      <CreatedByClientVersion>3.21083.28.0</CreatedByClientVersion>
      <MinClientVersion>3.21083.28.0</MinClientVersion>
      <Tags>{"primaryDeviceWidth":"1503","primaryDeviceHeight":"757","sienaVersion":"a200c353-c6eb-46c2-a325-5b744221a29d","deviceCapabilities":"","supportsPortrait":"true","supportsLandscape":"true","primaryFormFactor":"Tablet","publisherVersion":"3.21083.28","minimumRequiredApiVersion":"2.2.0","hasComponent":"false","hasUnlockedComponent":"false","isUnifiedRootApp":"false"}</Tags>
      <IsCdsUpgraded>0</IsCdsUpgraded>
      <GalleryItemId xsi:nil="true"></GalleryItemId>
      <BackgroundColor>rgba(0, 60, 106, 1)</BackgroundColor>
      <DisplayName>Notification App</DisplayName>
      <Description xsi:nil="true"></Description>
      <CommitMessage xsi:nil="true"></CommitMessage>
      <Publisher xsi:nil="true"></Publisher>
      <AuthorizationReferences>[]</AuthorizationReferences>
      <ConnectionReferences>{"c4b62415-2d78-41db-ba3c-c01e87745b90":{"id":"/providers/microsoft.powerapps/apis/shared_logicflows","displayName":"Logic flows","iconUri":"https://connectoricons-prod.azureedge.net/releases/v1.0.1438/1.0.1438.2324/logicflows/icon.png","dataSources":["BroadcastIn-AppNotificationfromPowerApp"],"dependencies":["02453b67-a672-40e8-bbce-ed122ee68a89"],"dependents":[],"parameterHints":{"workflowName":{"value":"69ace33d-fead-47cd-83bb-2c365f72f4ae"},"workflowEntityId":{"value":"dee98e4c-680b-ec11-b6e6-0022481f162f"},"02453b67-a672-40e8-bbce-ed122ee68a89":{"value":"shared_commondataserviceforapps"}},"parameterHintsV2":{"workflowName":{"value":"69ace33d-fead-47cd-83bb-2c365f72f4ae"},"workflowEntityId":{"value":"dee98e4c-680b-ec11-b6e6-0022481f162f"},"shared_commondataserviceforapps":{"value":"02453b67-a672-40e8-bbce-ed122ee68a89"}},"isOnPremiseConnection":false,"bypassConsent":false,"dataSets":{},"apiTier":"Standard","actions":["Run"]},"02453b67-a672-40e8-bbce-ed122ee68a89":{"id":"/providers/microsoft.powerapps/apis/shared_commondataserviceforapps","displayName":"Microsoft Dataverse","iconUri":"https://connectoricons-prod.azureedge.net/releases/v1.0.1507/1.0.1507.2528/commondataserviceforapps/icon.png","dataSources":[],"dependencies":[],"dependents":["c4b62415-2d78-41db-ba3c-c01e87745b90"],"parameterHints":{},"parameterHintsV2":{},"isOnPremiseConnection":false,"bypassConsent":false,"dataSets":{},"apiTier":"Premium"}}</ConnectionReferences>
      <DatabaseReferences>{"default.cds":{"databaseDetails":{"referenceType":"Environmental","environmentName":"default.cds","overrideValues":{"status":"NotSpecified"}},"dataSources":{"Users":{"entitySetName":"systemusers","logicalName":"systemuser"},"Teams":{"entitySetName":"teams","logicalName":"team"},"Notifications":{"entitySetName":"appnotifications","logicalName":"appnotification"}}}}</DatabaseReferences>
      <AppComponents>[]</AppComponents>
      <AppComponentDependencies>[]</AppComponentDependencies>
      <CanConsumeAppPass>1</CanConsumeAppPass>
      <CanvasAppType>2</CanvasAppType>
      <BypassConsent>0</BypassConsent>
      <AdminControlBypassConsent>0</AdminControlBypassConsent>
      <EmbeddedApp xsi:nil="true"></EmbeddedApp>
      <IntroducedVersion>1.0</IntroducedVersion>
      <CdsDependencies>{"cdsdependencies":[{"logicalname":"systemuser","componenttype":1},{"logicalname":"team","componenttype":1},{"logicalname":"appnotification","componenttype":1}]}</CdsDependencies>
      <IsCustomizable>1</IsCustomizable>
      <BackgroundImageUri>/CanvasApps/mce_notificationapp_30bd1_BackgroundImageUri</BackgroundImageUri>
      <DocumentUri>/CanvasApps/mce_notificationapp_30bd1_DocumentUri.msapp</DocumentUri>
    </CanvasApp>
  </CanvasApps>
  <connectionreferences>
    <connectionreference connectionreferencelogicalname="crd95_sharedcommondataserviceforapps_9722f">
      <connectionreferencedisplayname>Microsoft Dataverse</connectionreferencedisplayname>
      <connectorid>/providers/Microsoft.PowerApps/apis/shared_commondataserviceforapps</connectorid>
      <iscustomizable>1</iscustomizable>
      <statecode>0</statecode>
      <statuscode>1</statuscode>
    </connectionreference>
  </connectionreferences>
  <Languages>
    <Language>1033</Language>
  </Languages>
</ImportExportXml>