{"properties":{"connectionReferences":{"shared_commondataserviceforapps":{"runtimeSource":"embedded","connection":{"connectionReferenceLogicalName":"crd95_sharedcommondataserviceforapps_9722f"},"api":{"name":"shared_commondataserviceforapps"}}},"definition":{"$schema":"https://schema.management.azure.com/providers/Microsoft.Logic/schemas/2016-06-01/workflowdefinition.json#","contentVersion":"1.0.0.0","parameters":{"$connections":{"defaultValue":{},"type":"Object"},"$authentication":{"defaultValue":{},"type":"SecureObject"}},"triggers":{"manual":{"type":"Request","kind":"Button","inputs":{"schema":{"type":"object","properties":{"text":{"title":"App","type":"string","x-ms-dynamically-added":true,"description":"app friendly name e.g. 'Sales Hub'","x-ms-content-hint":"TEXT"},"text_1":{"title":"Setting","type":"string","x-ms-dynamically-added":true,"description":"setting name","x-ms-content-hint":"TEXT"},"text_2":{"title":"Value","type":"string","x-ms-dynamically-added":true,"description":"true or false","x-ms-content-hint":"TEXT"}},"required":["text","text_1","text_2"]}}}},"actions":{"List_rows":{"runAfter":{},"type":"OpenApiConnection","inputs":{"host":{"connectionName":"shared_commondataserviceforapps","operationId":"ListRecords","apiId":"/providers/Microsoft.PowerApps/apis/shared_commondataserviceforapps"},"parameters":{"entityName":"appmodules","$select":"name,uniquename","$filter":"name eq '@{triggerBody()['text']}'"},"authentication":{"type":"Raw","value":"@json(decodeBase64(triggerOutputs().headers['X-MS-APIM-Tokens']))['$ConnectionKey']"}}},"Apply_to_each":{"foreach":"@outputs('List_rows')?['body/value']","actions":{"Perform_an_unbound_action":{"runAfter":{},"type":"OpenApiConnection","inputs":{"host":{"connectionName":"shared_commondataserviceforapps","operationId":"PerformUnboundAction","apiId":"/providers/Microsoft.PowerApps/apis/shared_commondataserviceforapps"},"parameters":{"actionName":"SaveSettingValue","item/AppUniqueName":"@items('Apply_to_each')?['uniquename']","item/SettingName":"@triggerBody()['text_1']","item/Value":"@triggerBody()['text_2']"},"authentication":{"type":"Raw","value":"@json(decodeBase64(triggerOutputs().headers['X-MS-APIM-Tokens']))['$ConnectionKey']"}}}},"runAfter":{"List_rows":["Succeeded"]},"type":"Foreach"}},"outputs":{}}},"schemaVersion":"1.0.0.0"}